{
  "showId": 120,
  "showName": "kgf 2",
  "showDate": "2022-06-24",
  "showStartTime": "12:30:00",
  "showEndTime": "15:30:00",
  "price": 700.50, 
  "seats": 100 ,
  "genre": "horror",
  "coupon": [
    {
      "couponId":1,
      "showId": 1,
      "topUsers": 10,
      "discountPercentage": 50.00
    },
    {
      "couponId":2,
      "showId": 2,
      "topUsers": 20,
      "discountPercentage": 30.00
    }
  ], 
  "activeDate": "2022-07-21",
  "addressLine1": "#92, Halsalli, 560097",
  "addressLine2": "18th Main Road, Kaveri Layout",
  "city": "Bangelore",
  "state": "Karnataka",
  "country": "India", 
  "pincode": 563130 ,
  "orgId": 2001
}